year,institute_name,institute_type,overall_avg_ctc,cse_avg_ctc,ece_avg_ctc,cse_vs_ece_gap,ee_avg_ctc,me_avg_ctc,civil_avg_ctc,chemical_avg_ctc,city,state,city_tier,total_fee_4yr,total_fee_5yr,hostel_available,campus_area,infra_rating,campus_status,offers_5yr_program
2020,iiit gwalior,IIIT,16.85,27.23,16.0,11.23,,,,,Gwalior,Madhya Pradesh,2,907000,790000.0,True,160.0,4.7,Available,True
2020,iiit gwalior,IIIT,16.85,27.23,16.0,11.23,,,,,Imphal,Manipur,3,1197000,0.0,False,0.0,4.2,Under Construction,False
2020,iiit agartala,IIIT,22.0,19.5,13.83,5.67,,,,,Agartala,Tripura,3,811000,0.0,False,0.0,4.3,Under Construction,False
2020,iiit allahabad,IIIT,20.83,20.83,16.0,4.829999999999998,,,,,Prayagraj,Uttar Pradesh,2,844000,1536000.0,True,100.0,4.5,Available,True
2020,iiit bangalore,IIIT,24.88,32.3,36.2,-3.9000000000000057,,,,,Bangalore,Karnataka,1,2024000,2632000.0,True,9.0,4.5,Available,True
2020,iiit bhagalpur,IIIT,10.35,10.76,10.35,0.4100000000000001,,,,,Bhagalpur,Bihar,3,1345000,0.0,True,50.0,4.3,Available,False
2020,iiit bhopal,IIIT,12.32,16.9,16.98,-0.0800000000000018,,,,,Bhopal,Madhya Pradesh,2,720000,0.0,False,0.0,4.3,Under Construction,False
2020,iiit bhubaneswar,IIIT,15.8,10.0,8.0,2.0,,,,,Bhubaneswar,Odisha,1,996000,0.0,True,23.0,3.9,Available,False
2020,iiit delhi,IIIT,16.97,16.97,25.39,-8.420000000000002,,,,,Delhi,Delhi,1,2399000,0.0,True,25.0,4.5,Available,False
2020,iiit dharwad,IIIT,7.0,7.0,10.0,-3.0,,,,,Dharwad,Karnataka,3,1630000,0.0,True,60.0,4.5,Available,False
2020,iiit guwahati,IIIT,15.0,14.49,6.26,8.23,,,,,Guwahati,Assam,2,1343000,0.0,True,67.0,4.5,Available,False
2020,iiit hyderabad,IIIT,26.44,30.744999999999997,21.39,9.354999999999997,,,,,Hyderabad,Telangana,1,1800000,2000000.0,True,66.0,4.7,Available,True
2020,iiit kalyani,IIIT,6.5,6.2,10.72,-4.5200000000000005,,,,,Kalyani,West Bengal,3,912000,0.0,False,0.0,4.4,Under Construction,False
2020,iiit kota,IIIT,10.42,13.24,13.09,0.1500000000000003,,,,,Kota,Rajasthan,2,1063000,0.0,True,100.37,4.3,Available,False
2020,iiit kottayam,IIIT,11.91,11.93,11.91,0.0199999999999995,,,,,Kottayam,Kerala,3,1162000,0.0,True,53.0,4.5,Available,False
2020,iiit kurnool,IIIT,7.64,7.64,8.3,-0.660000000000001,,,,,Kurnool,Andhra Pradesh,3,913000,972000.0,True,151.0,4.5,Available,True
2020,iiit lucknow,IIIT,18.42,18.42,18.42,0.0,,,,,Lucknow,Uttar Pradesh,2,979000,0.0,True,50.0,4.4,Available,False
2020,iiit manipur,IIIT,8.7,8.7,8.7,0.0,,,,,Imphal,Manipur,1,1197000,0.0,True,13.0,3.6,Available,False
2020,iiit nagpur,IIIT,10.43,8.75,13.25,-4.5,,,,,Nagpur,Maharashtra,2,1184000,0.0,True,100.0,4.3,Available,False
2020,iiit naya raipur,IIIT,8.0,16.25,13.9,2.3499999999999996,,,,,Naya Raipur,Chhattisgarh,2,653250,840000.0,True,50.0,4.3,Available,True
2020,iiit pune,IIIT,7.5,7.5,17.12,-9.62,,,,,Pune,Maharashtra,1,1200000,0.0,False,0.0,4.4,Under Construction,False
2020,iiit raichur,IIIT,12.0,12.14,17.01,-4.870000000000001,,,,,Raichur,Karnataka,3,1093000,0.0,False,0.0,4.4,Under Construction,False
2020,iiit ranchi,IIIT,7.2,6.2,12.14,-5.94,,,,,Ranchi,Jharkhand,2,1405000,0.0,False,0.0,4.2,Under Construction,False
2020,iiit sri city,IIIT,12.02,16.71,10.01,6.700000000000001,,,,,Sri City,Andhra Pradesh,3,1775000,0.0,False,80.0,4.4,Available,False
2020,iiit surat,IIIT,13.99,13.625,13.99,-0.3650000000000002,,,,,Surat,Gujarat,1,937000,0.0,False,28.71,4.3,Available,False
2020,iiit una,IIIT,8.0,12.38,9.9,2.4800000000000004,,,,,Una,Himachal Pradesh,3,1227000,0.0,True,80.0,4.3,Available,False
2020,iiit vadodara,IIIT,11.0,13.0,12.0,1.0,,,,,Vadodara,Gujarat,2,1580000,0.0,False,0.0,4.4,Under Construction,False
2020,iiitdm jabalpur,IIIT,6.42,8.5,21.49,-12.989999999999998,,,,,Jabalpur,Madhya Pradesh,2,797000,0.0,True,260.0,4.8,Available,False
2020,iiitdm kancheepuram,IIIT,9.8,9.6,11.09,-1.4900000000000002,,,,,Chennai,Tamil Nadu,1,1322000,1322000.0,True,51.75,4.6,Available,True
2021,iiit gwalior,IIIT,16.85,16.85,16.85,0.0,,,,,Gwalior,Madhya Pradesh,2,907000,790000.0,True,160.0,4.7,Available,True
2021,iiit gwalior,IIIT,16.85,16.85,16.85,0.0,,,,,Imphal,Manipur,3,1197000,0.0,False,0.0,4.2,Under Construction,False
2021,iiit agartala,IIIT,22.0,22.0,13.83,8.17,,,,,Agartala,Tripura,3,811000,0.0,False,0.0,4.3,Under Construction,False
2021,iiit allahabad,IIIT,21.85,22.5,21.85,0.6499999999999986,,,,,Prayagraj,Uttar Pradesh,2,844000,1536000.0,True,100.0,4.5,Available,True
2021,iiit bangalore,IIIT,20.1,16.5,14.2,2.3000000000000007,,,,,Bangalore,Karnataka,1,2024000,2632000.0,True,9.0,4.5,Available,True
2021,iiit bhagalpur,IIIT,10.35,10.35,10.35,0.0,,,,,Bhagalpur,Bihar,3,1345000,0.0,True,50.0,4.3,Available,False
2021,iiit bhopal,IIIT,9.26,19.1,8.23,10.87,,,,,Bhopal,Madhya Pradesh,2,720000,0.0,False,0.0,4.3,Under Construction,False
2021,iiit bhubaneswar,IIIT,6.5,11.0,8.0,3.0,,,,,Bhubaneswar,Odisha,1,996000,0.0,True,23.0,3.9,Available,False
2021,iiit delhi,IIIT,16.81,16.81,16.81,0.0,,,,,Delhi,Delhi,1,2399000,0.0,True,25.0,4.5,Available,False
2021,iiit dharwad,IIIT,7.3,7.3,7.3,0.0,,,,,Dharwad,Karnataka,3,1630000,0.0,True,60.0,4.5,Available,False
2021,iiit guwahati,IIIT,10.13,11.59,6.48,5.109999999999999,,,,,Guwahati,Assam,2,1343000,0.0,True,67.0,4.5,Available,False
2021,iiit hyderabad,IIIT,20.32,30.0,24.0,6.0,,,,,Hyderabad,Telangana,1,1800000,2000000.0,True,66.0,4.7,Available,True
2021,iiit kalyani,IIIT,8.0,8.0,8.0,0.0,,,,,Kalyani,West Bengal,3,912000,0.0,False,0.0,4.4,Under Construction,False
2021,iiit kota,IIIT,10.6,13.09,13.09,0.0,,,,,Kota,Rajasthan,2,1063000,0.0,True,100.37,4.3,Available,False
2021,iiit kottayam,IIIT,9.07,9.07,9.07,0.0,,,,,Kottayam,Kerala,3,1162000,0.0,True,53.0,4.5,Available,False
2021,iiit kurnool,IIIT,7.64,7.64,8.3,-0.660000000000001,,,,,Kurnool,Andhra Pradesh,3,913000,972000.0,True,151.0,4.5,Available,True
2021,iiit lucknow,IIIT,18.65,18.65,18.65,0.0,,,,,Lucknow,Uttar Pradesh,2,979000,0.0,True,50.0,4.4,Available,False
2021,iiit manipur,IIIT,7.75,9.0,6.5,2.5,,,,,Imphal,Manipur,1,1197000,0.0,True,13.0,3.6,Available,False
2021,iiit nagpur,IIIT,8.44,8.44,13.11,-4.67,,,,,Nagpur,Maharashtra,2,1184000,0.0,True,100.0,4.3,Available,False
2021,iiit naya raipur,IIIT,8.0,16.25,13.9,2.3499999999999996,,,,,Naya Raipur,Chhattisgarh,2,653250,840000.0,True,50.0,4.3,Available,True
2021,iiit pune,IIIT,14.5,17.12,17.12,0.0,,,,,Pune,Maharashtra,1,1200000,0.0,False,0.0,4.4,Under Construction,False
2021,iiit raichur,IIIT,18.0,12.14,17.01,-4.870000000000001,,,,,Raichur,Karnataka,3,1093000,0.0,False,0.0,4.4,Under Construction,False
2021,iiit ranchi,IIIT,7.2,7.2,12.8,-5.6000000000000005,,,,,Ranchi,Jharkhand,2,1405000,0.0,False,0.0,4.2,Under Construction,False
2021,iiit sri city,IIIT,18.92,18.92,10.01,8.910000000000002,,,,,Sri City,Andhra Pradesh,3,1775000,0.0,False,80.0,4.4,Available,False
2021,iiit surat,IIIT,9.48,13.5,13.99,-0.4900000000000002,,,,,Surat,Gujarat,1,937000,0.0,False,28.71,4.3,Available,False
2021,iiit una,IIIT,11.02,12.38,9.9,2.4800000000000004,,,,,Una,Himachal Pradesh,3,1227000,0.0,True,80.0,4.3,Available,False
2021,iiit vadodara,IIIT,14.08,12.0,12.0,0.0,,,,,Vadodara,Gujarat,2,1580000,0.0,False,0.0,4.4,Under Construction,False
2021,iiitdm jabalpur,IIIT,21.49,11.23,21.49,-10.259999999999998,,,,,Jabalpur,Madhya Pradesh,2,797000,0.0,True,260.0,4.8,Available,False
2021,iiitdm kancheepuram,IIIT,8.89,12.95,11.36,1.59,,,,,Chennai,Tamil Nadu,1,1322000,1322000.0,True,51.75,4.6,Available,True
2022,iiit gwalior,IIIT,17.0,20.11,10.0,10.11,,,,,Gwalior,Madhya Pradesh,2,907000,790000.0,True,160.0,4.7,Available,True
2022,iiit gwalior,IIIT,17.0,20.11,10.0,10.11,,,,,Imphal,Manipur,3,1197000,0.0,False,0.0,4.2,Under Construction,False
2022,iiit agartala,IIIT,23.0,15.0,23.0,-8.0,,,,,Agartala,Tripura,3,811000,0.0,False,0.0,4.3,Under Construction,False
2022,iiit allahabad,IIIT,30.68,24.31,32.54,-8.23,,,,,Prayagraj,Uttar Pradesh,2,844000,1536000.0,True,100.0,4.5,Available,True
2022,iiit bangalore,IIIT,24.0,31.2,15.9,15.3,,,,,Bangalore,Karnataka,1,2024000,2632000.0,True,9.0,4.5,Available,True
2022,iiit bhagalpur,IIIT,12.0,9.87,11.06,-1.1900000000000013,,,,,Bhagalpur,Bihar,3,1345000,0.0,True,50.0,4.3,Available,False
2022,iiit bhopal,IIIT,14.5,13.4,9.34,4.0600000000000005,,,,,Bhopal,Madhya Pradesh,2,720000,0.0,False,0.0,4.3,Under Construction,False
2022,iiit bhubaneswar,IIIT,9.0,8.5,10.67,-2.17,,,,,Bhubaneswar,Odisha,1,996000,0.0,True,23.0,3.9,Available,False
2022,iiit delhi,IIIT,20.86,20.44,20.86,-0.4199999999999981,,,,,Delhi,Delhi,1,2399000,0.0,True,25.0,4.5,Available,False
2022,iiit dharwad,IIIT,8.0,8.7,8.0,0.6999999999999993,,,,,Dharwad,Karnataka,3,1630000,0.0,True,60.0,4.5,Available,False
2022,iiit guwahati,IIIT,15.34,13.72,10.67,3.0500000000000007,,,,,Guwahati,Assam,2,1343000,0.0,True,67.0,4.5,Available,False
2022,iiit hyderabad,IIIT,30.5,29.7,29.0,0.6999999999999993,,,,,Hyderabad,Telangana,1,1800000,2000000.0,True,66.0,4.7,Available,True
2022,iiit kalyani,IIIT,10.71,9.13,10.73,-1.5999999999999996,,,,,Kalyani,West Bengal,3,912000,0.0,False,0.0,4.4,Under Construction,False
2022,iiit kota,IIIT,14.37,12.35,12.37,-0.0199999999999995,,,,,Kota,Rajasthan,2,1063000,0.0,True,100.37,4.3,Available,False
2022,iiit kottayam,IIIT,10.45,11.2,10.45,0.75,,,,,Kottayam,Kerala,3,1162000,0.0,True,53.0,4.5,Available,False
2022,iiit kurnool,IIIT,9.51,8.0,9.51,-1.5099999999999998,,,,,Kurnool,Andhra Pradesh,3,913000,972000.0,True,151.0,4.5,Available,True
2022,iiit lucknow,IIIT,26.07,26.85,26.07,0.7800000000000011,,,,,Lucknow,Uttar Pradesh,2,979000,0.0,True,50.0,4.4,Available,False
2022,iiit manipur,IIIT,9.9,8.3,9.9,-1.5999999999999996,,,,,Imphal,Manipur,1,1197000,0.0,True,13.0,3.6,Available,False
2022,iiit nagpur,IIIT,12.04,12.44,10.1,2.34,,,,,Nagpur,Maharashtra,2,1184000,0.0,True,100.0,4.3,Available,False
2022,iiit naya raipur,IIIT,12.67,14.75,10.72,4.029999999999999,,,,,Naya Raipur,Chhattisgarh,2,653250,840000.0,True,50.0,4.3,Available,True
2022,iiit pune,IIIT,16.83,12.95,16.83,-3.879999999999999,,,,,Pune,Maharashtra,1,1200000,0.0,False,0.0,4.4,Under Construction,False
2022,iiit raichur,IIIT,22.5,10.8,22.5,-11.7,,,,,Raichur,Karnataka,3,1093000,0.0,False,0.0,4.4,Under Construction,False
2022,iiit ranchi,IIIT,12.8,10.14,12.8,-2.66,,,,,Ranchi,Jharkhand,2,1405000,0.0,False,0.0,4.2,Under Construction,False
2022,iiit sri city,IIIT,14.0,13.2,9.48,3.719999999999999,,,,,Sri City,Andhra Pradesh,3,1775000,0.0,False,80.0,4.4,Available,False
2022,iiit surat,IIIT,12.1,12.7,13.52,-0.8200000000000003,,,,,Surat,Gujarat,1,937000,0.0,False,28.71,4.3,Available,False
2022,iiit una,IIIT,12.1,9.24,11.0,-1.7599999999999998,,,,,Una,Himachal Pradesh,3,1227000,0.0,True,80.0,4.3,Available,False
2022,iiit vadodara,IIIT,14.08,10.44,14.08,-3.640000000000001,,,,,Vadodara,Gujarat,2,1580000,0.0,False,0.0,4.4,Under Construction,False
2022,iiitdm jabalpur,IIIT,14.81,16.27,14.46,1.8099999999999987,,,,,Jabalpur,Madhya Pradesh,2,797000,0.0,True,260.0,4.8,Available,False
2022,iiitdm kancheepuram,IIIT,10.2,11.6,11.36,0.2400000000000002,,,,,Chennai,Tamil Nadu,1,1322000,1322000.0,True,51.75,4.6,Available,True
2023,iiit gwalior,IIIT,24.31,22.2,24.31,-2.109999999999999,,,,,Gwalior,Madhya Pradesh,2,907000,790000.0,True,160.0,4.7,Available,True
2023,iiit gwalior,IIIT,24.31,22.2,24.31,-2.109999999999999,,,,,Imphal,Manipur,3,1197000,0.0,False,0.0,4.2,Under Construction,False
2023,iiit agartala,IIIT,12.0,23.0,17.0,6.0,,,,,Agartala,Tripura,3,811000,0.0,False,0.0,4.3,Under Construction,False
2023,iiit allahabad,IIIT,32.83,32.83,29.11,3.719999999999999,,,,,Prayagraj,Uttar Pradesh,2,844000,1536000.0,True,100.0,4.5,Available,True
2023,iiit bangalore,IIIT,29.6,35.0,25.55,9.45,,,,,Bangalore,Karnataka,1,2024000,2632000.0,True,9.0,4.5,Available,True
2023,iiit bhagalpur,IIIT,15.61,14.11,15.91,-1.8000000000000007,,,,,Bhagalpur,Bihar,3,1345000,0.0,True,50.0,4.3,Available,False
2023,iiit bhopal,IIIT,20.51,22.56,18.03,4.529999999999998,,,,,Bhopal,Madhya Pradesh,2,720000,0.0,False,0.0,4.3,Under Construction,False
2023,iiit bhubaneswar,IIIT,11.0,13.0,9.0,4.0,,,,,Bhubaneswar,Odisha,1,996000,0.0,True,23.0,3.9,Available,False
2023,iiit delhi,IIIT,23.65,28.78,25.39,3.390000000000001,,,,,Delhi,Delhi,1,2399000,0.0,True,25.0,4.5,Available,False
2023,iiit dharwad,IIIT,11.52,11.97,11.43,0.5400000000000009,,,,,Dharwad,Karnataka,3,1630000,0.0,True,60.0,4.5,Available,False
2023,iiit guwahati,IIIT,15.5,17.0,11.0,6.0,,,,,Guwahati,Assam,2,1343000,0.0,True,67.0,4.5,Available,False
2023,iiit hyderabad,IIIT,23.43,32.2,27.24,4.960000000000004,,,,,Hyderabad,Telangana,1,1800000,2000000.0,True,66.0,4.7,Available,True
2023,iiit kalyani,IIIT,12.76,12.76,12.76,0.0,,,,,Kalyani,West Bengal,3,912000,0.0,False,0.0,4.4,Under Construction,False
2023,iiit kota,IIIT,14.6,15.76,11.31,4.449999999999999,,,,,Kota,Rajasthan,2,1063000,0.0,True,100.37,4.3,Available,False
2023,iiit kottayam,IIIT,14.32,14.32,14.32,0.0,,,,,Kottayam,Kerala,3,1162000,0.0,True,53.0,4.5,Available,False
2023,iiit kurnool,IIIT,10.79,10.79,9.08,1.709999999999999,,,,,Kurnool,Andhra Pradesh,3,913000,972000.0,True,151.0,4.5,Available,True
2023,iiit lucknow,IIIT,30.52,30.52,30.52,0.0,,,,,Lucknow,Uttar Pradesh,2,979000,0.0,True,50.0,4.4,Available,False
2023,iiit manipur,IIIT,8.7,8.7,8.7,0.0,,,,,Imphal,Manipur,1,1197000,0.0,True,13.0,3.6,Available,False
2023,iiit nagpur,IIIT,13.67,13.89,14.87,-0.9799999999999986,,,,,Nagpur,Maharashtra,2,1184000,0.0,True,100.0,4.3,Available,False
2023,iiit naya raipur,IIIT,16.56,19.64,14.87,4.770000000000001,,,,,Naya Raipur,Chhattisgarh,2,653250,840000.0,True,50.0,4.3,Available,True
2023,iiit pune,IIIT,16.58,19.0,16.0,3.0,,,,,Pune,Maharashtra,1,1200000,0.0,False,0.0,4.4,Under Construction,False
2023,iiit raichur,IIIT,18.0,18.0,17.01,0.9899999999999984,,,,,Raichur,Karnataka,3,1093000,0.0,False,0.0,4.4,Under Construction,False
2023,iiit ranchi,IIIT,15.95,17.01,17.01,0.0,,,,,Ranchi,Jharkhand,2,1405000,0.0,False,0.0,4.2,Under Construction,False
2023,iiit sri city,IIIT,20.3,20.7,17.01,3.6899999999999977,,,,,Sri City,Andhra Pradesh,3,1775000,0.0,False,80.0,4.4,Available,False
2023,iiit surat,IIIT,12.52,14.21,9.87,4.340000000000002,,,,,Surat,Gujarat,1,937000,0.0,False,28.71,4.3,Available,False
2023,iiit una,IIIT,14.0,12.0,13.8,-1.8000000000000007,,,,,Una,Himachal Pradesh,3,1227000,0.0,True,80.0,4.3,Available,False
2023,iiit vadodara,IIIT,15.43,15.43,11.34,4.09,,,,,Vadodara,Gujarat,2,1580000,0.0,False,0.0,4.4,Under Construction,False
2023,iiitdm jabalpur,IIIT,21.63,25.08,23.48,1.599999999999998,,,,,Jabalpur,Madhya Pradesh,2,797000,0.0,True,260.0,4.8,Available,False
2023,iiitdm kancheepuram,IIIT,8.8,12.95,11.36,1.59,,,,,Chennai,Tamil Nadu,1,1322000,1322000.0,True,51.75,4.6,Available,True
2024,iiit gwalior,IIIT,22.11,22.11,16.425,5.684999999999999,,,,,Gwalior,Madhya Pradesh,2,907000,790000.0,True,160.0,4.7,Available,True
2024,iiit gwalior,IIIT,22.11,22.11,16.425,5.684999999999999,,,,,Imphal,Manipur,3,1197000,0.0,False,0.0,4.2,Under Construction,False
2024,iiit agartala,IIIT,10.9,17.0,10.9,6.1,,,,,Agartala,Tripura,3,811000,0.0,False,0.0,4.3,Under Construction,False
2024,iiit allahabad,IIIT,25.78,25.78,25.48,0.3000000000000007,,,,,Prayagraj,Uttar Pradesh,2,844000,1536000.0,True,100.0,4.5,Available,True
2024,iiit bangalore,IIIT,34.5,33.4,19.8,13.599999999999998,,,,,Bangalore,Karnataka,1,2024000,2632000.0,True,9.0,4.5,Available,True
2024,iiit bhagalpur,IIIT,12.52,11.17,7.16,4.01,,,,,Bhagalpur,Bihar,3,1345000,0.0,True,50.0,4.3,Available,False
2024,iiit bhopal,IIIT,12.32,14.7,10.53,4.17,,,,,Bhopal,Madhya Pradesh,2,720000,0.0,False,0.0,4.3,Under Construction,False
2024,iiit bhubaneswar,IIIT,8.81,9.0,8.0,1.0,,,,,Bhubaneswar,Odisha,1,996000,0.0,True,23.0,3.9,Available,False
2024,iiit delhi,IIIT,21.57,22.04,18.0,4.039999999999999,,,,,Delhi,Delhi,1,2399000,0.0,True,25.0,4.5,Available,False
2024,iiit dharwad,IIIT,9.5,9.54,9.5,0.0399999999999991,,,,,Dharwad,Karnataka,3,1630000,0.0,True,60.0,4.5,Available,False
2024,iiit guwahati,IIIT,14.88,15.26,13.1,2.16,,,,,Guwahati,Assam,2,1343000,0.0,True,67.0,4.5,Available,False
2024,iiit hyderabad,IIIT,26.44,31.49,21.39,10.099999999999998,,,,,Hyderabad,Telangana,1,1800000,2000000.0,True,66.0,4.7,Available,True
2024,iiit kalyani,IIIT,12.76,10.72,10.72,0.0,,,,,Kalyani,West Bengal,3,912000,0.0,False,0.0,4.4,Under Construction,False
2024,iiit kota,IIIT,13.09,13.39,12.41,0.9800000000000004,,,,,Kota,Rajasthan,2,1063000,0.0,True,100.37,4.3,Available,False
2024,iiit kottayam,IIIT,12.66,12.66,12.66,0.0,,,,,Kottayam,Kerala,3,1162000,0.0,True,53.0,4.5,Available,False
2024,iiit kurnool,IIIT,8.2,8.2,8.2,0.0,,,,,Kurnool,Andhra Pradesh,3,913000,972000.0,True,151.0,4.5,Available,True
2024,iiit lucknow,IIIT,29.8,29.85,22.36,7.490000000000002,,,,,Lucknow,Uttar Pradesh,2,979000,0.0,True,50.0,4.4,Available,False
2024,iiit manipur,IIIT,8.7,8.7,8.7,0.0,,,,,Imphal,Manipur,1,1197000,0.0,True,13.0,3.6,Available,False
2024,iiit nagpur,IIIT,13.11,13.11,13.11,0.0,,,,,Nagpur,Maharashtra,2,1184000,0.0,True,100.0,4.3,Available,False
2024,iiit naya raipur,IIIT,16.25,16.25,13.9,2.3499999999999996,,,,,Naya Raipur,Chhattisgarh,2,653250,840000.0,True,50.0,4.3,Available,True
2024,iiit pune,IIIT,13.6,13.25,11.84,1.41,,,,,Pune,Maharashtra,1,1200000,0.0,False,0.0,4.4,Under Construction,False
2024,iiit raichur,IIIT,15.0,12.14,12.14,0.0,,,,,Raichur,Karnataka,3,1093000,0.0,False,0.0,4.4,Under Construction,False
2024,iiit ranchi,IIIT,12.14,12.14,12.14,0.0,,,,,Ranchi,Jharkhand,2,1405000,0.0,False,0.0,4.2,Under Construction,False
2024,iiit sri city,IIIT,14.2,14.5,12.4,2.0999999999999996,,,,,Sri City,Andhra Pradesh,3,1775000,0.0,False,80.0,4.4,Available,False
2024,iiit surat,IIIT,12.92,13.75,12.03,1.7200000000000006,,,,,Surat,Gujarat,1,937000,0.0,False,28.71,4.3,Available,False
2024,iiit una,IIIT,9.36,10.44,8.49,1.9499999999999993,,,,,Una,Himachal Pradesh,3,1227000,0.0,True,80.0,4.3,Available,False
2024,iiit vadodara,IIIT,11.34,11.34,12.0,-0.6600000000000001,,,,,Vadodara,Gujarat,2,1580000,0.0,False,0.0,4.4,Under Construction,False
2024,iiitdm jabalpur,IIIT,19.27,19.27,21.49,-2.219999999999999,,,,,Jabalpur,Madhya Pradesh,2,797000,0.0,True,260.0,4.8,Available,False
2024,iiitdm kancheepuram,IIIT,9.75,13.86,11.91,1.9499999999999993,,,,,Chennai,Tamil Nadu,1,1322000,1322000.0,True,51.75,4.6,Available,True
2020,iit bhilai,IIT,11.3,11.82,12.0,-0.1799999999999997,11.21,7.51,,,Bhilai,Chhattisgarh,2,929000,1319000.0,True,447.0,4.1,Available,True
2020,iit bhubaneswar,IIT,15.8,22.6,15.8,6.800000000000001,15.8,12.0,,,Bhubaneswar,Odisha,2,905560,1128000.0,True,936.0,4.3,Available,True
2020,iit bombay,IIT,20.08,20.08,17.91,2.169999999999998,20.08,20.65,,,Bombay,Maharashtra,1,882500,2383000.0,True,550.0,4.9,Available,True
2020,iit delhi,IIT,16.0,15.81,15.5,0.3100000000000005,16.0,15.0,,,Delhi,Delhi,1,862550,1233000.0,True,350.0,4.9,Available,True
2020,iit dhanbad,IIT,17.56,18.0,15.0,3.0,12.0,14.08,,,Dhanbad,Jharkhand,2,1201000,1038000.0,True,458.0,4.6,Available,True
2020,iit dharwad,IIT,7.0,7.0,7.0,0.0,8.0,7.0,,,Dharwad,Karnataka,2,919000,1131000.0,False,470.0,4.0,Available,True
2020,iit gandhinagar,IIT,8.29,8.0,8.96,-0.9600000000000009,19.6,19.6,,,Gandhinagar,Gujarat,2,879454,1000000.0,True,450.0,4.8,Available,True
2020,iit goa,IIT,13.0,15.51,15.51,0.0,15.51,15.51,,,Goa,Goa,2,852568,1000000.0,True,320.0,4.0,Available,True
2020,iit guwahati,IIT,10.78,20.0,12.3,7.699999999999999,25.93,18.19,,,Guwahati,Assam,2,903700,904000.0,True,704.0,4.9,Available,True
2020,iit hyderabad,IIT,22.07,25.69,26.82,-1.129999999999999,26.82,22.07,,,Hyderabad,Telangana,1,942552,2250000.0,True,576.0,4.9,Available,True
2020,iit indore,IIT,23.5,25.5,21.2,4.300000000000001,25.7,15.6,,,Indore,Madhya Pradesh,2,881000,1440000.0,True,501.0,4.7,Available,True
2020,iit jammu,IIT,12.28,12.2,12.28,-0.08,12.2,12.28,,,Jammu,Jammu and Kashmir,2,1060000,1069000.0,True,400.0,4.0,Available,True
2020,iit jodhpur,IIT,16.73,14.33,16.5,-2.17,20.0,14.0,,,Jodhpur,Rajasthan,2,1033000,255000.0,True,852.0,4.8,Available,True
2020,iit kanpur,IIT,11.02,11.02,11.02,0.0,27.6,7.5,,,Kanpur,Uttar Pradesh,2,918880,1077000.0,True,1055.0,4.7,Available,True
2020,iit kharagpur,IIT,19.0,29.21,20.0,9.21,19.5,16.0,,,Kharagpur,West Bengal,3,1065980,1118000.0,True,2100.0,4.8,Available,True
2020,iit madras,IIT,18.12,25.0,18.12,6.879999999999999,27.28,18.12,,,Chennai,Tamil Nadu,1,938668,939000.0,True,620.0,4.8,Available,True
2020,iit mandi,IIT,24.78,15.0,19.92,-4.920000000000002,19.92,10.0,,,Mandi,Himachal Pradesh,3,825000,1071000.0,True,538.0,4.1,Available,True
2020,iit palakkad,IIT,9.93,11.42,9.93,1.4900000000000002,15.88,9.93,,,Palakkad,Kerala,3,905960,1000000.0,True,500.0,4.0,Available,True
2020,iit patna,IIT,14.76,14.0,14.0,0.0,14.76,14.76,,,Patna,Bihar,2,999250,1000000.0,True,501.0,4.2,Available,True
2020,iit roorkee,IIT,16.0,18.0,15.5,2.5,13.12,10.33,,,Roorkee,Uttarakhand,2,887000,1049000.0,True,365.0,4.8,Available,True
2020,iit ropar,IIT,15.85,15.85,15.85,0.0,15.85,15.85,,,Ropar,Punjab,2,1003000,948000.0,True,545.0,4.5,Available,True
2020,iit tirupati,IIT,11.0,14.0,11.0,3.0,14.0,10.95,,,Tirupati,Andhra Pradesh,2,881680,882000.0,True,539.0,3.9,Available,True
2020,iit varanasi,IIT,16.69,18.34,16.69,1.6499999999999986,22.77,16.69,,,Varanasi,Uttar Pradesh,2,835000,1041000.0,True,1300.0,4.2,Available,True
2021,iit bhilai,IIT,12.0,14.72,10.37,4.350000000000001,10.37,6.96,,,Bhilai,Chhattisgarh,2,929000,1319000.0,True,447.0,4.1,Available,True
2021,iit bhubaneswar,IIT,16.27,16.27,20.3,-4.030000000000001,19.4,12.0,,,Bhubaneswar,Odisha,2,905560,1128000.0,True,936.0,4.3,Available,True
2021,iit bombay,IIT,20.8,17.91,18.17,-0.2600000000000015,20.08,17.91,,,Bombay,Maharashtra,1,882500,2383000.0,True,550.0,4.9,Available,True
2021,iit delhi,IIT,17.6,17.81,17.6,0.2099999999999973,17.6,17.6,,,Delhi,Delhi,1,862550,1233000.0,True,350.0,4.9,Available,True
2021,iit dhanbad,IIT,10.0,19.72,15.0,4.719999999999999,19.72,14.08,,,Dhanbad,Jharkhand,2,1201000,1038000.0,True,458.0,4.6,Available,True
2021,iit dharwad,IIT,10.0,21.3,8.0,13.3,12.63,12.63,,,Dharwad,Karnataka,2,919000,1131000.0,False,470.0,4.0,Available,True
2021,iit gandhinagar,IIT,9.0,15.35,15.0,0.3499999999999996,19.6,19.6,,,Gandhinagar,Gujarat,2,879454,1000000.0,True,450.0,4.8,Available,True
2021,iit goa,IIT,11.6,15.32,16.0,-0.6799999999999997,15.92,15.92,,,Goa,Goa,2,852568,1000000.0,True,320.0,4.0,Available,True
2021,iit guwahati,IIT,23.42,21.06,6.48,14.579999999999998,25.93,21.42,,,Guwahati,Assam,2,903700,904000.0,True,704.0,4.9,Available,True
2021,iit hyderabad,IIT,15.41,20.32,24.0,-3.68,26.1,22.5,,,Hyderabad,Telangana,1,942552,2250000.0,True,576.0,4.9,Available,True
2021,iit indore,IIT,23.5,23.5,21.2,2.3000000000000007,25.7,21.88,,,Indore,Madhya Pradesh,2,881000,1440000.0,True,501.0,4.7,Available,True
2021,iit jammu,IIT,12.2,11.36,11.36,0.0,11.36,14.2,,,Jammu,Jammu and Kashmir,2,1060000,1069000.0,True,400.0,4.0,Available,True
2021,iit jodhpur,IIT,24.38,12.0,12.0,0.0,12.0,12.0,,,Jodhpur,Rajasthan,2,1033000,255000.0,True,852.0,4.8,Available,True
2021,iit kanpur,IIT,29.0,29.0,27.6,1.3999999999999986,27.6,19.7,,,Kanpur,Uttar Pradesh,2,918880,1077000.0,True,1055.0,4.7,Available,True
2021,iit kharagpur,IIT,19.0,15.0,21.28,-6.280000000000001,21.14,15.0,,,Kharagpur,West Bengal,3,1065980,1118000.0,True,2100.0,4.8,Available,True
2021,iit madras,IIT,20.58,52.32,18.43,33.89,27.28,18.5,,,Chennai,Tamil Nadu,1,938668,939000.0,True,620.0,4.8,Available,True
2021,iit mandi,IIT,18.0,13.5,20.85,-7.350000000000001,20.85,13.36,,,Mandi,Himachal Pradesh,3,825000,1071000.0,True,538.0,4.1,Available,True
2021,iit palakkad,IIT,11.42,11.42,11.42,0.0,15.88,11.42,,,Palakkad,Kerala,3,905960,1000000.0,True,500.0,4.0,Available,True
2021,iit patna,IIT,16.7,17.13,17.13,0.0,14.76,12.62,,,Patna,Bihar,2,999250,1000000.0,True,501.0,4.2,Available,True
2021,iit roorkee,IIT,40.0,16.0,23.52,-7.52,13.12,16.5,,,Roorkee,Uttarakhand,2,887000,1049000.0,True,365.0,4.8,Available,True
2021,iit ropar,IIT,14.56,15.85,22.09,-6.24,22.09,22.09,,,Ropar,Punjab,2,1003000,948000.0,True,545.0,4.5,Available,True
2021,iit tirupati,IIT,11.0,11.0,11.0,0.0,11.0,11.0,,,Tirupati,Andhra Pradesh,2,881680,882000.0,True,539.0,3.9,Available,True
2021,iit varanasi,IIT,11.5,18.34,21.89,-3.5500000000000007,17.81,17.81,,,Varanasi,Uttar Pradesh,2,835000,1041000.0,True,1300.0,4.2,Available,True
2022,iit bhilai,IIT,14.12,17.55,14.04,3.5100000000000016,14.04,10.15,,,Bhilai,Chhattisgarh,2,929000,1319000.0,True,447.0,4.1,Available,True
2022,iit bhubaneswar,IIT,18.95,22.4,21.2,1.1999999999999993,20.94,10.34,,,Bhubaneswar,Odisha,2,905560,1128000.0,True,936.0,4.3,Available,True
2022,iit bombay,IIT,21.5,49.6,21.5,28.1,23.5,20.65,,,Bombay,Maharashtra,1,882500,2383000.0,True,550.0,4.9,Available,True
2022,iit delhi,IIT,20.5,24.45,20.5,3.9499999999999993,20.5,21.9,,,Delhi,Delhi,1,862550,1233000.0,True,350.0,4.9,Available,True
2022,iit dhanbad,IIT,17.3,19.72,15.0,4.719999999999999,21.0,17.56,,,Dhanbad,Jharkhand,2,1201000,1038000.0,True,458.0,4.6,Available,True
2022,iit dharwad,IIT,15.17,18.53,12.56,5.970000000000001,12.56,15.17,,,Dharwad,Karnataka,2,919000,1131000.0,False,470.0,4.0,Available,True
2022,iit gandhinagar,IIT,15.35,15.35,14.17,1.1799999999999995,17.67,10.43,,,Gandhinagar,Gujarat,2,879454,1000000.0,True,450.0,4.8,Available,True
2022,iit goa,IIT,23.4,27.03,30.75,-3.719999999999999,30.75,12.28,,,Goa,Goa,2,852568,1000000.0,True,320.0,4.0,Available,True
2022,iit guwahati,IIT,26.27,30.0,25.93,4.07,25.93,19.0,,,Guwahati,Assam,2,903700,904000.0,True,704.0,4.9,Available,True
2022,iit hyderabad,IIT,20.7,27.11,29.0,-1.8900000000000008,29.75,19.73,,,Hyderabad,Telangana,1,942552,2250000.0,True,576.0,4.9,Available,True
2022,iit indore,IIT,23.5,22.56,21.2,1.3599999999999994,25.7,16.62,,,Indore,Madhya Pradesh,2,881000,1440000.0,True,501.0,4.7,Available,True
2022,iit jammu,IIT,19.34,23.19,18.65,4.540000000000003,18.65,15.12,,,Jammu,Jammu and Kashmir,2,1060000,1069000.0,True,400.0,4.0,Available,True
2022,iit jodhpur,IIT,24.0,28.0,14.0,14.0,20.0,12.0,,,Jodhpur,Rajasthan,2,1033000,255000.0,True,852.0,4.8,Available,True
2022,iit kanpur,IIT,29.7,42.89,29.57,13.32,33.04,25.18,,,Kanpur,Uttar Pradesh,2,918880,1077000.0,True,1055.0,4.7,Available,True
2022,iit kharagpur,IIT,45.43,18.75,21.28,-2.530000000000001,21.14,13.5,,,Kharagpur,West Bengal,3,1065980,1118000.0,True,2100.0,4.8,Available,True
2022,iit madras,IIT,17.0,52.32,21.0,31.32,27.28,18.5,,,Chennai,Tamil Nadu,1,938668,939000.0,True,620.0,4.8,Available,True
2022,iit mandi,IIT,25.23,33.68,25.0,8.68,21.0,13.47,,,Mandi,Himachal Pradesh,3,825000,1071000.0,True,538.0,4.1,Available,True
2022,iit palakkad,IIT,13.93,13.93,12.7,1.2300000000000004,12.7,10.33,,,Palakkad,Kerala,3,905960,1000000.0,True,500.0,4.0,Available,True
2022,iit patna,IIT,28.26,28.26,28.86,-0.5999999999999979,33.04,18.22,,,Patna,Bihar,2,999250,1000000.0,True,501.0,4.2,Available,True
2022,iit roorkee,IIT,16.8,17.0,23.52,-6.52,16.8,15.0,,,Roorkee,Uttarakhand,2,887000,1049000.0,True,365.0,4.8,Available,True
2022,iit ropar,IIT,20.24,20.24,22.09,-1.8500000000000016,30.75,20.24,,,Ropar,Punjab,2,1003000,948000.0,True,545.0,4.5,Available,True
2022,iit tirupati,IIT,15.54,24.94,15.54,9.400000000000002,14.1,15.54,,,Tirupati,Andhra Pradesh,2,881680,882000.0,True,539.0,3.9,Available,True
2022,iit varanasi,IIT,21.89,21.89,27.5,-5.609999999999999,26.57,21.89,,,Varanasi,Uttar Pradesh,2,835000,1041000.0,True,1300.0,4.2,Available,True
2023,iit bhilai,IIT,15.31,18.97,18.97,0.0,14.03,12.57,,,Bhilai,Chhattisgarh,2,929000,1319000.0,True,447.0,4.1,Available,True
2023,iit bhubaneswar,IIT,17.16,23.21,19.25,3.960000000000001,19.05,12.57,,,Bhubaneswar,Odisha,2,905560,1128000.0,True,936.0,4.3,Available,True
2023,iit bombay,IIT,21.82,23.5,21.82,1.6799999999999995,23.5,22.7,,,Bombay,Maharashtra,1,882500,2383000.0,True,550.0,4.9,Available,True
2023,iit delhi,IIT,20.0,20.0,23.65,-3.6499999999999986,20.5,20.0,,,Delhi,Delhi,1,862550,1233000.0,True,350.0,4.9,Available,True
2023,iit dhanbad,IIT,15.66,27.29,24.02,3.2699999999999996,17.56,14.91,,,Dhanbad,Jharkhand,2,1201000,1038000.0,True,458.0,4.6,Available,True
2023,iit dharwad,IIT,17.0,21.38,14.69,6.6899999999999995,14.69,9.44,,,Dharwad,Karnataka,2,919000,1131000.0,False,470.0,4.0,Available,True
2023,iit gandhinagar,IIT,19.6,29.29,19.6,9.689999999999998,17.88,23.25,,,Gandhinagar,Gujarat,2,879454,1000000.0,True,450.0,4.8,Available,True
2023,iit goa,IIT,17.19,21.52,16.99,4.530000000000001,16.99,14.76,,,Goa,Goa,2,852568,1000000.0,True,320.0,4.0,Available,True
2023,iit guwahati,IIT,25.75,41.0,11.0,30.0,27.3,11.89,,,Guwahati,Assam,2,903700,904000.0,True,704.0,4.9,Available,True
2023,iit hyderabad,IIT,26.51,24.32,28.07,-3.75,27.54,20.73,,,Hyderabad,Telangana,1,942552,2250000.0,True,576.0,4.9,Available,True
2023,iit indore,IIT,25.45,32.6,25.7,6.900000000000002,25.7,23.5,,,Indore,Madhya Pradesh,2,881000,1440000.0,True,501.0,4.7,Available,True
2023,iit jammu,IIT,17.0,24.05,19.16,4.890000000000001,19.16,14.19,,,Jammu,Jammu and Kashmir,2,1060000,1069000.0,True,400.0,4.0,Available,True
2023,iit jodhpur,IIT,16.0,23.0,22.0,1.0,22.0,19.0,,,Jodhpur,Rajasthan,2,1033000,255000.0,True,852.0,4.8,Available,True
2023,iit kanpur,IIT,26.27,52.8,18.14,34.66,33.04,28.7,,,Kanpur,Uttar Pradesh,2,918880,1077000.0,True,1055.0,4.7,Available,True
2023,iit kharagpur,IIT,24.0,24.0,21.28,2.719999999999999,21.14,15.0,,,Kharagpur,West Bengal,3,1065980,1118000.0,True,2100.0,4.8,Available,True
2023,iit madras,IIT,17.0,52.32,27.0,25.32,27.28,18.5,,,Chennai,Tamil Nadu,1,938668,939000.0,True,620.0,4.8,Available,True
2023,iit mandi,IIT,22.0,34.46,22.38,12.080000000000002,24.58,13.36,,,Mandi,Himachal Pradesh,3,825000,1071000.0,True,538.0,4.1,Available,True
2023,iit palakkad,IIT,13.95,21.16,11.58,9.58,12.7,11.6,,,Palakkad,Kerala,3,905960,1000000.0,True,500.0,4.0,Available,True
2023,iit patna,IIT,20.0,24.56,11.42,13.14,33.04,24.56,,,Patna,Bihar,2,999250,1000000.0,True,501.0,4.2,Available,True
2023,iit roorkee,IIT,18.34,18.34,18.34,0.0,18.34,18.34,,,Roorkee,Uttarakhand,2,887000,1049000.0,True,365.0,4.8,Available,True
2023,iit ropar,IIT,22.09,20.24,20.99,-0.75,23.12,20.99,,,Ropar,Punjab,2,1003000,948000.0,True,545.0,4.5,Available,True
2023,iit tirupati,IIT,25.25,25.25,16.51,8.739999999999998,16.51,12.3,,,Tirupati,Andhra Pradesh,2,881680,882000.0,True,539.0,3.9,Available,True
2023,iit varanasi,IIT,22.77,21.04,22.77,-1.7300000000000004,26.57,22.77,,,Varanasi,Uttar Pradesh,2,835000,1041000.0,True,1300.0,4.2,Available,True
2024,iit bhilai,IIT,13.09,18.97,18.97,0.0,12.26,9.64,,,Bhilai,Chhattisgarh,2,929000,1319000.0,True,447.0,4.1,Available,True
2024,iit bhubaneswar,IIT,17.1,22.6,20.3,2.3000000000000007,19.4,12.0,,,Bhubaneswar,Odisha,2,905560,1128000.0,True,936.0,4.3,Available,True
2024,iit bombay,IIT,24.0,23.5,23.5,0.0,23.5,23.5,,,Bombay,Maharashtra,1,882500,2383000.0,True,550.0,4.9,Available,True
2024,iit delhi,IIT,21.9,36.9,23.65,13.25,25.0,20.0,,,Delhi,Delhi,1,862550,1233000.0,True,350.0,4.9,Available,True
2024,iit dhanbad,IIT,15.66,24.77,20.97,3.8000000000000007,17.58,14.08,,,Dhanbad,Jharkhand,2,1201000,1038000.0,True,458.0,4.6,Available,True
2024,iit dharwad,IIT,12.63,17.41,12.63,4.779999999999999,13.97,12.63,,,Dharwad,Karnataka,2,919000,1131000.0,False,470.0,4.0,Available,True
2024,iit gandhinagar,IIT,18.2,27.73,23.54,4.190000000000001,23.54,15.52,,,Gandhinagar,Gujarat,2,879454,1000000.0,True,450.0,4.8,Available,True
2024,iit goa,IIT,15.92,15.92,15.92,0.0,15.92,12.37,,,Goa,Goa,2,852568,1000000.0,True,320.0,4.0,Available,True
2024,iit guwahati,IIT,25.75,39.91,27.3,12.609999999999996,25.93,18.19,,,Guwahati,Assam,2,903700,904000.0,True,704.0,4.9,Available,True
2024,iit hyderabad,IIT,22.5,22.5,22.5,0.0,26.11,22.5,,,Hyderabad,Telangana,1,942552,2250000.0,True,576.0,4.9,Available,True
2024,iit indore,IIT,25.45,30.89,26.04,4.850000000000001,26.04,22.17,,,Indore,Madhya Pradesh,2,881000,1440000.0,True,501.0,4.7,Available,True
2024,iit jammu,IIT,17.0,19.0,15.0,4.0,15.0,14.2,,,Jammu,Jammu and Kashmir,2,1060000,1069000.0,True,400.0,4.0,Available,True
2024,iit jodhpur,IIT,21.3,26.31,22.0,4.309999999999999,22.0,19.5,,,Jodhpur,Rajasthan,2,1033000,255000.0,True,852.0,4.8,Available,True
2024,iit kanpur,IIT,26.27,52.8,27.6,25.199999999999996,27.6,26.27,,,Kanpur,Uttar Pradesh,2,918880,1077000.0,True,1055.0,4.7,Available,True
2024,iit kharagpur,IIT,24.0,24.0,21.0,3.0,21.0,20.43,,,Kharagpur,West Bengal,3,1065980,1118000.0,True,2100.0,4.8,Available,True
2024,iit madras,IIT,17.0,52.32,27.28,25.04,27.28,18.5,,,Chennai,Tamil Nadu,1,938668,939000.0,True,620.0,4.8,Available,True
2024,iit mandi,IIT,22.38,26.55,17.75,8.8,17.75,13.36,,,Mandi,Himachal Pradesh,3,825000,1071000.0,True,538.0,4.1,Available,True
2024,iit palakkad,IIT,19.76,19.09,11.58,7.51,15.88,11.8,,,Palakkad,Kerala,3,905960,1000000.0,True,500.0,4.0,Available,True
2024,iit patna,IIT,17.0,17.0,17.0,0.0,17.0,17.0,,,Patna,Bihar,2,999250,1000000.0,True,501.0,4.2,Available,True
2024,iit roorkee,IIT,20.0,34.07,23.52,10.55,22.1,19.56,,,Roorkee,Uttarakhand,2,887000,1049000.0,True,365.0,4.8,Available,True
2024,iit ropar,IIT,22.09,22.09,22.09,0.0,22.09,22.09,,,Ropar,Punjab,2,1003000,948000.0,True,545.0,4.5,Available,True
2024,iit tirupati,IIT,10.57,25.25,16.65,8.600000000000001,16.65,10.95,,,Tirupati,Andhra Pradesh,2,881680,882000.0,True,539.0,3.9,Available,True
2024,iit varanasi,IIT,22.56,34.87,27.47,7.399999999999999,24.81,19.03,,,Varanasi,Uttar Pradesh,2,835000,1041000.0,True,1300.0,4.2,Available,True
2020,iiest shibpur,NIT,7.3,9.5,16.5,-7.0,8.0,7.3,5.75,6.417747171406983,Shibpur,West Bengal,2,568000,739000.0,True,114.0,4.7,Available,True
2020,nit jaipur,NIT,9.1,18.39,9.1,9.29,9.94,13.2,6.0,10.35,Jaipur,Rajasthan,1,736000,725000.0,True,317.0,4.6,Available,True
2020,nit allahabad,NIT,17.19,17.68,11.0,6.68,17.68,17.68,6.54,9.0,Prayagraj,Uttar Pradesh,2,788000,828000.0,True,222.0,4.6,Available,True
2020,nit agartala,NIT,6.95,14.71,13.83,0.8800000000000008,15.0,6.5,6.95,7.0,Agartala,Tripura,3,680000,350000.0,True,366.0,4.0,Available,True
2020,nit andhra pradesh,NIT,6.54,10.7,6.29,4.409999999999999,6.54,6.0,6.54,8.13,Tadepalligudem,Andhra  Pradesh,3,545000,545000.0,True,172.6,4.0,Available,True
2020,nit arunachal pradesh,NIT,6.2,7.2,7.2,0.0,7.2,7.2,7.2,8.77,Yupia,Arunachal Pradesh,3,539000,640000.0,True,301.0,3.9,Available,True
2020,nit calicut,NIT,17.68,17.68,12.11,5.57,12.11,8.0,12.0,10.68,Kozhikode,Kerala,2,846000,760000.0,True,300.0,4.6,Available,True
2020,nit delhi,NIT,8.8,11.2,9.0,2.1999999999999993,6.4,8.8,15.59,7.736462343613898,New Delhi,Delhi,1,636000,720000.0,True,51.0,4.7,Available,True
2020,nit durgapur,NIT,8.0,21.45,17.49,3.960000000000001,14.61,9.72,8.0,8.87,Durgapur,West Bengal,2,626000,0.0,True,187.0,4.6,Available,False
2020,nit goa,NIT,10.87,9.95,8.5,1.4499999999999993,7.56,6.63,5.83,9.556289281259438,Cuncolim,Goa,3,560000,640000.0,True,114.0,4.1,Available,True
2020,nit hamirpur,NIT,12.84,15.75,13.0,2.75,6.5,5.0,6.77,10.42,Hamirpur,Himachal Pradesh,2,794000,625000.0,True,320.0,4.2,Available,True
2020,nit jalandhar,NIT,10.0,8.57,14.0,-5.43,11.6,7.91,7.15,7.45,Jalandhar,Punjab,2,656000,650000.0,True,154.0,4.3,Available,True
2020,nit jamshedpur,NIT,14.7,12.63,12.63,0.0,12.63,10.91,12.63,10.2,Jamshedpur,Jharkhand,2,628000,740000.0,True,343.0,4.5,Available,True
2020,nit kurukshetra,NIT,11.37,17.63,9.0,8.629999999999999,10.49,8.23,7.88,9.99586100532841,Kurukshetra,Haryana,2,678000,691000.0,True,300.0,4.4,Available,True
2020,nit manipur,NIT,6.0,6.0,6.5,-0.5,6.0,6.0,6.0,8.21,Imphal,Manipur,3,731000,640000.0,True,341.5,4.0,Available,True
2020,nit meghalaya,NIT,9.7,9.7,9.7,0.0,9.7,9.7,9.7,8.527691446938045,Shillong,Meghalaya,3,864000,760000.0,True,450.0,4.2,Available,True
2020,nit mizoram,NIT,8.4,8.4,8.4,0.0,8.4,7.45,8.4,6.8,Aizawl,Mizoram,3,752000,766000.0,True,190.0,4.1,Available,True
2020,nit nagaland,NIT,5.32,4.22,5.25,-1.0300000000000002,5.25,4.56,4.22,8.09,Chümoukedima,Nagaland,3,597000,660000.0,True,291.0,4.0,Available,True
2020,nit patna,NIT,9.9,14.0,9.9,4.1,9.9,9.9,9.9,6.8,Patna,Bihar,1,723000,770000.0,True,36.0,4.1,Available,True
2020,nit puducherry,NIT,8.0,6.8,7.9,-1.1000000000000003,7.9,7.9,7.9,10.0,Karaikal,Puducherry,3,836000,792000.0,True,256.0,4.3,Available,True
2020,nit raipur,NIT,10.8,10.8,10.8,0.0,10.8,7.77,8.53,7.6,Raipur,Chhattisgarh,2,646000,700000.0,True,100.0,4.2,Available,True
2020,nit rourkela,NIT,8.0,13.8,10.6,3.200000000000001,13.62,9.8,10.5,9.36,Rourkela,Odisha,2,743000,743000.0,True,650.0,4.8,Available,True
2020,nit sikkim,NIT,9.5,6.0,12.57,-6.57,10.0,7.5,6.98,7.11,Ravangla,Sikkim,3,586000,586000.0,True,100.0,4.0,Available,True
2020,nit silchar,NIT,13.34,13.86,13.34,0.5199999999999996,13.34,13.34,6.03,7.15,Silchar,Assam,3,544000,826000.0,True,540.0,4.3,Available,True
2020,nit srinagar,NIT,6.25,13.8,10.7,3.1000000000000014,9.42,9.2,8.6,6.25,Srinagar,Jammu and Kashmir,2,743000,848000.0,True,67.0,4.5,Available,True
2020,nit surathkal,NIT,19.66,19.66,16.25,3.41,16.25,18.26,16.25,16.25,Surathkal,Karnataka,3,797000,0.0,True,296.0,4.9,Available,False
2020,nit trichy,NIT,12.0,12.93,12.93,0.0,9.5,9.16,6.5,12.93,Tiruchirappalli,Tamil Nadu,2,1062000,640000.0,True,800.0,4.7,Available,True
2020,nit uttarakhand,NIT,9.48,9.45,10.36,-0.91,8.43,5.92,6.0,8.334279888347698,"Srinagar, Uttarakhand",Uttarakhand,3,853000,660000.0,True,300.0,4.1,Available,True
2020,nit warangal,NIT,14.35,18.55,9.4,9.15,22.0,17.29,14.35,14.8,Warangal,Telangana,2,543000,640000.0,True,248.0,4.8,Available,True
2020,nit nagpur,NIT,10.0,11.94,15.0,-3.0600000000000005,10.63,10.11,8.1,8.73,Nagpur,Maharashtra,2,769000,0.0,True,215.26,4.6,Available,False
2021,iiest shibpur,NIT,20.0,9.5,16.5,-7.0,6.5,7.3,5.75,17.58286896275886,Shibpur,West Bengal,2,568000,739000.0,True,114.0,4.7,Available,True
2021,nit jaipur,NIT,10.0,18.39,18.01,0.379999999999999,9.94,13.2,10.0,10.35,Jaipur,Rajasthan,1,736000,725000.0,True,317.0,4.6,Available,True
2021,nit allahabad,NIT,17.19,19.08,17.68,1.3999999999999986,17.68,17.68,11.4,9.0,Prayagraj,Uttar Pradesh,2,788000,828000.0,True,222.0,4.6,Available,True
2021,nit agartala,NIT,6.0,14.71,13.83,0.8800000000000008,15.0,8.23,6.0,7.0,Agartala,Tripura,3,680000,350000.0,True,366.0,4.0,Available,True
2021,nit andhra pradesh,NIT,6.29,10.7,6.29,4.409999999999999,6.29,6.47,6.47,8.13,Tadepalligudem,Andhra  Pradesh,3,545000,545000.0,True,172.6,4.0,Available,True
2021,nit arunachal pradesh,NIT,7.2,7.2,7.2,0.0,7.2,7.2,7.2,8.77,Yupia,Arunachal Pradesh,3,539000,640000.0,True,301.0,3.9,Available,True
2021,nit calicut,NIT,17.14,17.14,12.11,5.030000000000001,12.11,12.6,8.09,10.68,Kozhikode,Kerala,2,846000,760000.0,True,300.0,4.6,Available,True
2021,nit delhi,NIT,12.2,12.2,8.4,3.799999999999999,8.1,8.8,15.59,10.725550067282905,New Delhi,Delhi,1,636000,720000.0,True,51.0,4.7,Available,True
2021,nit durgapur,NIT,8.0,21.45,17.49,3.960000000000001,14.61,9.72,7.39,8.87,Durgapur,West Bengal,2,626000,0.0,True,187.0,4.6,Available,False
2021,nit goa,NIT,7.61,9.95,8.5,1.4499999999999993,7.56,7.0,5.83,6.690281640329745,Cuncolim,Goa,3,560000,640000.0,True,114.0,4.1,Available,True
2021,nit hamirpur,NIT,12.84,6.5,9.5,-3.0,6.5,6.5,6.77,10.42,Hamirpur,Himachal Pradesh,2,794000,625000.0,True,320.0,4.2,Available,True
2021,nit jalandhar,NIT,8.5,8.5,14.0,-5.5,11.6,7.91,7.12,7.45,Jalandhar,Punjab,2,656000,650000.0,True,154.0,4.3,Available,True
2021,nit jamshedpur,NIT,14.7,14.0,12.63,1.3699999999999992,12.63,12.63,12.63,10.2,Jamshedpur,Jharkhand,2,628000,740000.0,True,343.0,4.5,Available,True
2021,nit kurukshetra,NIT,11.37,15.54,5.0,10.54,10.49,11.37,7.88,9.99586100532841,Kurukshetra,Haryana,2,678000,691000.0,True,300.0,4.4,Available,True
2021,nit manipur,NIT,8.21,8.21,6.5,1.7100000000000009,6.4,6.0,8.21,8.21,Imphal,Manipur,3,731000,640000.0,True,341.5,4.0,Available,True
2021,nit meghalaya,NIT,10.5,17.95,9.7,8.25,9.7,9.7,9.7,9.2310062054484,Shillong,Meghalaya,3,864000,760000.0,True,450.0,4.2,Available,True
2021,nit mizoram,NIT,7.35,8.4,8.4,0.0,8.4,7.45,8.4,6.8,Aizawl,Mizoram,3,752000,766000.0,True,190.0,4.1,Available,True
2021,nit nagaland,NIT,8.09,4.22,4.22,0.0,5.25,3.0,4.22,8.09,Chümoukedima,Nagaland,3,597000,660000.0,True,291.0,4.0,Available,True
2021,nit patna,NIT,17.13,9.9,9.9,0.0,9.9,9.9,9.9,6.8,Patna,Bihar,1,723000,770000.0,True,36.0,4.1,Available,True
2021,nit puducherry,NIT,10.0,6.8,7.9,-1.1000000000000003,7.9,10.0,7.9,10.0,Karaikal,Puducherry,3,836000,792000.0,True,256.0,4.3,Available,True
2021,nit raipur,NIT,10.8,10.8,12.93,-2.129999999999999,10.7,10.8,8.53,7.6,Raipur,Chhattisgarh,2,646000,700000.0,True,100.0,4.2,Available,True
2021,nit rourkela,NIT,9.8,20.88,33.0,-12.12,14.82,9.8,10.5,9.36,Rourkela,Odisha,2,743000,743000.0,True,650.0,4.8,Available,True
2021,nit sikkim,NIT,7.11,10.24,8.79,1.450000000000001,10.0,7.5,7.11,7.11,Ravangla,Sikkim,3,586000,586000.0,True,100.0,4.0,Available,True
2021,nit silchar,NIT,13.34,13.34,13.34,0.0,13.34,13.34,13.34,7.15,Silchar,Assam,3,544000,826000.0,True,540.0,4.3,Available,True
2021,nit srinagar,NIT,6.25,13.8,10.7,3.1000000000000014,9.42,9.2,8.67,6.25,Srinagar,Jammu and Kashmir,2,743000,848000.0,True,67.0,4.5,Available,True
2021,nit surathkal,NIT,21.33,21.33,16.25,5.079999999999998,16.25,18.26,16.25,16.25,Surathkal,Karnataka,3,797000,0.0,True,296.0,4.9,Available,False
2021,nit trichy,NIT,10.9,11.0,12.93,-1.9299999999999995,9.5,8.7,6.5,12.0,Tiruchirappalli,Tamil Nadu,2,1062000,640000.0,True,800.0,4.7,Available,True
2021,nit uttarakhand,NIT,8.43,9.45,10.36,-0.91,8.03,5.92,6.0,7.411179267802858,"Srinagar, Uttarakhand",Uttarakhand,3,853000,660000.0,True,300.0,4.1,Available,True
2021,nit warangal,NIT,13.0,13.0,9.4,3.5999999999999996,16.0,17.29,14.35,14.8,Warangal,Telangana,2,543000,640000.0,True,248.0,4.8,Available,True
2021,nit nagpur,NIT,10.0,11.94,15.5,-3.5600000000000005,11.16,10.11,7.37,8.73,Nagpur,Maharashtra,2,769000,0.0,True,215.26,4.6,Available,False
2022,iiest shibpur,NIT,7.3,7.3,16.5,-9.2,7.2,7.84,5.75,6.417747171406983,Shibpur,West Bengal,2,568000,739000.0,True,114.0,4.7,Available,True
2022,nit jaipur,NIT,12.43,18.39,18.01,0.379999999999999,9.94,13.2,7.03,10.35,Jaipur,Rajasthan,1,736000,725000.0,True,317.0,4.6,Available,True
2022,nit allahabad,NIT,17.19,17.19,17.19,0.0,17.68,17.19,17.19,9.0,Prayagraj,Uttar Pradesh,2,788000,828000.0,True,222.0,4.6,Available,True
2022,nit agartala,NIT,14.71,14.71,13.83,0.8800000000000008,11.2,8.23,7.0,7.0,Agartala,Tripura,3,680000,350000.0,True,366.0,4.0,Available,True
2022,nit andhra pradesh,NIT,7.05,10.7,7.8,2.8999999999999995,7.5,6.8,5.9,8.13,Tadepalligudem,Andhra  Pradesh,3,545000,545000.0,True,172.6,4.0,Available,True
2022,nit arunachal pradesh,NIT,8.6,7.2,7.2,0.0,6.77,8.49,5.38,8.77,Yupia,Arunachal Pradesh,3,539000,640000.0,True,301.0,3.9,Available,True
2022,nit calicut,NIT,12.58,20.55,12.11,8.440000000000001,12.11,12.6,8.09,10.68,Kozhikode,Kerala,2,846000,760000.0,True,300.0,4.6,Available,True
2022,nit delhi,NIT,17.14,21.44,16.6,4.84,10.81,8.8,15.59,15.068518701084342,New Delhi,Delhi,1,636000,720000.0,True,51.0,4.7,Available,True
2022,nit durgapur,NIT,4.5,4.5,4.5,0.0,4.5,4.5,7.78,8.17,Durgapur,West Bengal,2,626000,0.0,True,187.0,4.6,Available,False
2022,nit goa,NIT,13.1,10.87,8.5,2.369999999999999,7.56,6.63,5.83,11.516779170607052,Cuncolim,Goa,3,560000,640000.0,True,114.0,4.1,Available,True
2022,nit hamirpur,NIT,7.54,7.54,7.54,0.0,7.54,7.54,9.9,10.42,Hamirpur,Himachal Pradesh,2,794000,625000.0,True,320.0,4.2,Available,True
2022,nit jalandhar,NIT,11.87,17.44,12.44,5.000000000000002,11.6,11.87,6.94,7.76,Jalandhar,Punjab,2,656000,650000.0,True,154.0,4.3,Available,True
2022,nit jamshedpur,NIT,14.7,14.7,20.53,-5.830000000000002,14.7,14.7,12.63,10.2,Jamshedpur,Jharkhand,2,628000,740000.0,True,343.0,4.5,Available,True
2022,nit kurukshetra,NIT,13.89,17.63,11.8,5.829999999999998,10.49,8.72,7.94,12.211302494636026,Kurukshetra,Haryana,2,678000,691000.0,True,300.0,4.4,Available,True
2022,nit manipur,NIT,9.7,9.7,9.7,0.0,9.7,6.0,9.7,8.21,Imphal,Manipur,3,731000,640000.0,True,341.5,4.0,Available,True
2022,nit meghalaya,NIT,13.33,15.5,9.7,5.800000000000001,9.15,9.7,6.16,11.71898216367878,Shillong,Meghalaya,3,864000,760000.0,True,450.0,4.2,Available,True
2022,nit mizoram,NIT,7.35,8.4,8.4,0.0,8.68,7.35,8.4,6.8,Aizawl,Mizoram,3,752000,766000.0,True,190.0,4.1,Available,True
2022,nit nagaland,NIT,8.09,8.09,4.22,3.87,8.09,8.09,8.09,8.09,Chümoukedima,Nagaland,3,597000,660000.0,True,291.0,4.0,Available,True
2022,nit patna,NIT,13.7,14.95,13.0,1.9499999999999993,9.9,13.7,9.9,6.8,Patna,Bihar,1,723000,770000.0,True,36.0,4.1,Available,True
2022,nit puducherry,NIT,8.42,9.09,7.88,1.21,8.46,6.33,6.92,10.0,Karaikal,Puducherry,3,836000,792000.0,True,256.0,4.3,Available,True
2022,nit raipur,NIT,10.1,15.86,10.8,5.059999999999999,10.8,10.8,8.53,7.6,Raipur,Chhattisgarh,2,646000,700000.0,True,100.0,4.2,Available,True
2022,nit rourkela,NIT,11.15,18.31,19.04,-0.7300000000000004,13.62,9.8,10.5,11.15,Rourkela,Odisha,2,743000,743000.0,True,650.0,4.8,Available,True
2022,nit sikkim,NIT,8.44,10.24,8.79,1.450000000000001,7.83,6.69,4.7,7.11,Ravangla,Sikkim,3,586000,586000.0,True,100.0,4.0,Available,True
2022,nit silchar,NIT,12.64,14.9,12.27,2.630000000000001,13.34,13.34,13.34,7.15,Silchar,Assam,3,544000,826000.0,True,540.0,4.3,Available,True
2022,nit srinagar,NIT,13.7,13.8,10.7,3.1000000000000014,9.42,9.2,7.5,6.25,Srinagar,Jammu and Kashmir,2,743000,848000.0,True,67.0,4.5,Available,True
2022,nit surathkal,NIT,15.84,23.03,16.25,6.780000000000001,16.25,18.26,15.84,16.25,Surathkal,Karnataka,3,797000,0.0,True,296.0,4.9,Available,False
2022,nit trichy,NIT,12.0,18.0,12.93,5.07,9.5,9.53,6.5,12.0,Tiruchirappalli,Tamil Nadu,2,1062000,640000.0,True,800.0,4.7,Available,True
2022,nit uttarakhand,NIT,8.03,9.45,8.03,1.42,8.43,5.92,6.0,7.059521888547681,"Srinagar, Uttarakhand",Uttarakhand,3,853000,660000.0,True,300.0,4.1,Available,True
2022,nit warangal,NIT,25.5,25.5,18.9,6.600000000000001,22.0,17.29,8.93,14.8,Warangal,Telangana,2,543000,640000.0,True,248.0,4.8,Available,True
2022,nit nagpur,NIT,10.0,14.0,15.5,-1.5,15.5,10.11,10.0,8.73,Nagpur,Maharashtra,2,769000,0.0,True,215.26,4.6,Available,False
2023,iiest shibpur,NIT,8.5,8.5,8.5,0.0,8.5,8.5,5.75,7.472719309172515,Shibpur,West Bengal,2,568000,739000.0,True,114.0,4.7,Available,True
2023,nit jaipur,NIT,13.2,21.0,13.2,7.800000000000001,15.66,13.2,8.5,10.35,Jaipur,Rajasthan,1,736000,725000.0,True,317.0,4.6,Available,True
2023,nit allahabad,NIT,20.34,20.34,20.31,0.0300000000000011,21.45,20.34,20.34,9.0,Prayagraj,Uttar Pradesh,2,788000,828000.0,True,222.0,4.6,Available,True
2023,nit agartala,NIT,14.71,14.71,13.83,0.8800000000000008,11.2,8.23,7.2,8.52,Agartala,Tripura,3,680000,350000.0,True,366.0,4.0,Available,True
2023,nit andhra pradesh,NIT,8.13,11.12,9.03,2.09,8.13,8.13,8.13,8.13,Tadepalligudem,Andhra  Pradesh,3,545000,545000.0,True,172.6,4.0,Available,True
2023,nit arunachal pradesh,NIT,9.04,10.13,10.4,-0.2699999999999996,8.1,11.3,9.92,8.77,Yupia,Arunachal Pradesh,3,539000,640000.0,True,301.0,3.9,Available,True
2023,nit calicut,NIT,13.77,21.92,12.11,9.810000000000002,14.74,9.78,8.75,10.68,Kozhikode,Kerala,2,846000,760000.0,True,300.0,4.6,Available,True
2023,nit delhi,NIT,17.72,18.32,16.25,2.0700000000000003,17.8,17.72,17.72,15.578421901004347,New Delhi,Delhi,1,636000,720000.0,True,51.0,4.7,Available,True
2023,nit durgapur,NIT,13.62,21.41,17.49,3.9200000000000017,14.55,9.78,7.34,9.12,Durgapur,West Bengal,2,626000,0.0,True,187.0,4.6,Available,False
2023,nit goa,NIT,11.45,13.4,12.45,0.9500000000000012,12.74,7.92,7.7,10.066192481179446,Cuncolim,Goa,3,560000,640000.0,True,114.0,4.1,Available,True
2023,nit hamirpur,NIT,8.25,12.84,8.25,4.59,8.25,8.25,8.25,10.42,Hamirpur,Himachal Pradesh,2,794000,625000.0,True,320.0,4.2,Available,True
2023,nit jalandhar,NIT,12.44,16.74,16.67,0.0699999999999967,12.44,12.44,12.44,8.45,Jalandhar,Punjab,2,656000,650000.0,True,154.0,4.3,Available,True
2023,nit jamshedpur,NIT,15.98,12.63,22.03,-9.4,17.98,12.63,9.57,10.2,Jamshedpur,Jharkhand,2,628000,740000.0,True,343.0,4.5,Available,True
2023,nit kurukshetra,NIT,14.16,14.16,14.16,0.0,14.16,14.16,14.16,12.448671225633271,Kurukshetra,Haryana,2,678000,691000.0,True,300.0,4.4,Available,True
2023,nit manipur,NIT,9.7,9.7,9.7,0.0,9.7,6.0,9.7,8.21,Imphal,Manipur,3,731000,640000.0,True,341.5,4.0,Available,True
2023,nit meghalaya,NIT,11.1,14.53,10.07,4.459999999999999,11.1,10.08,9.33,9.758492274331166,Shillong,Meghalaya,3,864000,760000.0,True,450.0,4.2,Available,True
2023,nit mizoram,NIT,7.0,13.02,8.24,4.779999999999999,8.89,9.65,7.5,6.8,Aizawl,Mizoram,3,752000,766000.0,True,190.0,4.1,Available,True
2023,nit nagaland,NIT,11.02,11.02,11.02,0.0,11.02,11.02,11.02,8.09,Chümoukedima,Nagaland,3,597000,660000.0,True,291.0,4.0,Available,True
2023,nit patna,NIT,13.3,8.93,6.7,2.2299999999999995,13.65,13.3,8.42,6.8,Patna,Bihar,1,723000,770000.0,True,36.0,4.1,Available,True
2023,nit puducherry,NIT,9.8,9.8,9.8,0.0,7.28,9.8,6.7,10.0,Karaikal,Puducherry,3,836000,792000.0,True,256.0,4.3,Available,True
2023,nit raipur,NIT,13.75,13.8,10.8,3.0,11.38,9.66,10.02,8.8,Raipur,Chhattisgarh,2,646000,700000.0,True,100.0,4.2,Available,True
2023,nit rourkela,NIT,15.74,12.56,19.89,-7.33,15.74,15.74,15.74,15.74,Rourkela,Odisha,2,743000,743000.0,True,650.0,4.8,Available,True
2023,nit sikkim,NIT,8.5,11.98,11.56,0.4199999999999999,8.22,7.6,6.98,7.11,Ravangla,Sikkim,3,586000,586000.0,True,100.0,4.0,Available,True
2023,nit silchar,NIT,14.39,24.07,17.05,7.02,12.86,13.58,13.95,7.15,Silchar,Assam,3,544000,826000.0,True,540.0,4.3,Available,True
2023,nit srinagar,NIT,9.42,13.8,10.7,3.1000000000000014,9.42,9.2,8.67,8.46,Srinagar,Jammu and Kashmir,2,743000,848000.0,True,67.0,4.5,Available,True
2023,nit surathkal,NIT,18.26,29.23,13.2,16.03,18.62,18.26,11.93,16.25,Surathkal,Karnataka,3,797000,0.0,True,296.0,4.9,Available,False
2023,nit trichy,NIT,15.76,27.27,23.0,4.27,19.3,15.76,13.0,12.54,Tiruchirappalli,Tamil Nadu,2,1062000,640000.0,True,800.0,4.7,Available,True
2023,nit uttarakhand,NIT,10.4,9.45,6.5,2.9499999999999993,8.43,8.5,7.38,9.143091860634604,"Srinagar, Uttarakhand",Uttarakhand,3,853000,660000.0,True,300.0,4.1,Available,True
2023,nit warangal,NIT,17.29,30.8,17.29,13.510000000000002,17.29,17.29,13.0,14.8,Warangal,Telangana,2,543000,640000.0,True,248.0,4.8,Available,True
2023,nit nagpur,NIT,12.14,15.87,12.14,3.729999999999998,12.14,12.14,5.63,8.73,Nagpur,Maharashtra,2,769000,0.0,True,215.26,4.6,Available,False
2024,iiest shibpur,NIT,10.15,8.5,8.5,0.0,8.5,8.5,5.75,8.92330599860012,Shibpur,West Bengal,2,568000,739000.0,True,114.0,4.7,Available,True
2024,nit jaipur,NIT,13.2,18.39,14.75,3.640000000000001,9.94,9.93,7.82,10.35,Jaipur,Rajasthan,1,736000,725000.0,True,317.0,4.6,Available,True
2024,nit allahabad,NIT,19.48,28.38,20.56,7.82,20.36,10.61,9.43,11.35,Prayagraj,Uttar Pradesh,2,788000,828000.0,True,222.0,4.6,Available,True
2024,nit agartala,NIT,14.71,14.71,13.83,0.8800000000000008,11.2,8.23,7.2,8.52,Agartala,Tripura,3,680000,350000.0,True,366.0,4.0,Available,True
2024,nit andhra pradesh,NIT,7.22,7.22,7.22,0.0,7.22,8.0,7.22,8.13,Tadepalligudem,Andhra  Pradesh,3,545000,545000.0,True,172.6,4.0,Available,True
2024,nit arunachal pradesh,NIT,9.6,13.5,10.4,3.0999999999999996,7.2,8.1,9.92,8.77,Yupia,Arunachal Pradesh,3,539000,640000.0,True,301.0,3.9,Available,True
2024,nit calicut,NIT,12.41,19.37,13.71,5.66,10.99,9.67,8.09,10.68,Kozhikode,Kerala,2,846000,760000.0,True,300.0,4.6,Available,True
2024,nit delhi,NIT,15.59,18.0,13.12,4.880000000000001,15.59,15.59,15.59,13.705846356470529,New Delhi,Delhi,1,636000,720000.0,True,51.0,4.7,Available,True
2024,nit durgapur,NIT,7.35,21.45,17.49,3.960000000000001,14.61,7.35,7.39,8.87,Durgapur,West Bengal,2,626000,0.0,True,187.0,4.6,Available,False
2024,nit goa,NIT,7.69,9.95,8.5,1.4499999999999993,7.71,6.63,6.67,6.760613116180781,Cuncolim,Goa,3,560000,640000.0,True,114.0,4.1,Available,True
2024,nit hamirpur,NIT,10.05,15.68,8.37,7.31,7.74,8.25,10.05,8.05,Hamirpur,Himachal Pradesh,2,794000,625000.0,True,320.0,4.2,Available,True
2024,nit jalandhar,NIT,11.47,14.61,10.53,4.08,11.91,7.91,12.68,7.45,Jalandhar,Punjab,2,656000,650000.0,True,154.0,4.3,Available,True
2024,nit jamshedpur,NIT,9.5,20.24,15.65,4.589999999999998,14.78,9.3,8.08,8.22,Jamshedpur,Jharkhand,2,628000,740000.0,True,343.0,4.5,Available,True
2024,nit kurukshetra,NIT,12.68,19.7,14.09,5.609999999999999,12.68,12.68,12.68,11.147538922389115,Kurukshetra,Haryana,2,678000,691000.0,True,300.0,4.4,Available,True
2024,nit manipur,NIT,8.7,9.7,9.7,0.0,9.7,6.0,9.7,8.21,Imphal,Manipur,3,731000,640000.0,True,341.5,4.0,Available,True
2024,nit meghalaya,NIT,9.7,9.7,9.7,0.0,5.56,9.7,9.7,8.527691446938045,Shillong,Meghalaya,3,864000,760000.0,True,450.0,4.2,Available,True
2024,nit mizoram,NIT,7.02,7.02,7.02,0.0,7.02,7.02,7.02,6.8,Aizawl,Mizoram,3,752000,766000.0,True,190.0,4.1,Available,True
2024,nit nagaland,NIT,4.22,7.0,4.22,2.78,7.0,4.22,4.22,8.09,Chümoukedima,Nagaland,3,597000,660000.0,True,291.0,4.0,Available,True
2024,nit patna,NIT,9.9,19.0,11.42,7.58,7.6,14.0,9.9,6.8,Patna,Bihar,1,723000,770000.0,True,36.0,4.1,Available,True
2024,nit puducherry,NIT,7.9,7.9,7.9,0.0,6.9,7.9,7.9,10.0,Karaikal,Puducherry,3,836000,792000.0,True,256.0,4.3,Available,True
2024,nit raipur,NIT,10.8,14.61,10.8,3.8099999999999983,10.8,10.8,10.8,10.8,Raipur,Chhattisgarh,2,646000,700000.0,True,100.0,4.2,Available,True
2024,nit rourkela,NIT,14.57,21.6,19.89,1.7100000000000009,13.62,12.2,10.5,12.39,Rourkela,Odisha,2,743000,743000.0,True,650.0,4.8,Available,True
2024,nit sikkim,NIT,13.76,13.76,12.57,1.1899999999999995,10.87,8.56,6.21,7.11,Ravangla,Sikkim,3,586000,586000.0,True,100.0,4.0,Available,True
2024,nit silchar,NIT,13.34,14.9,13.34,1.5600000000000005,11.84,13.34,13.34,7.15,Silchar,Assam,3,544000,826000.0,True,540.0,4.3,Available,True
2024,nit srinagar,NIT,9.5,13.8,10.7,3.1000000000000014,9.42,9.2,8.6,8.46,Srinagar,Jammu and Kashmir,2,743000,848000.0,True,67.0,4.5,Available,True
2024,nit surathkal,NIT,16.25,23.24,20.89,2.349999999999998,13.7,16.25,16.25,13.17,Surathkal,Karnataka,3,797000,0.0,True,296.0,4.9,Available,False
2024,nit trichy,NIT,25.97,27.27,23.0,4.27,19.3,15.76,12.9,12.54,Tiruchirappalli,Tamil Nadu,2,1062000,640000.0,True,800.0,4.7,Available,True
2024,nit uttarakhand,NIT,10.4,10.4,10.4,0.0,10.4,10.4,10.4,9.143091860634604,"Srinagar, Uttarakhand",Uttarakhand,3,853000,660000.0,True,300.0,4.1,Available,True
2024,nit warangal,NIT,15.6,29.67,20.58,9.090000000000003,16.71,13.59,9.14,12.54,Warangal,Telangana,2,543000,640000.0,True,248.0,4.8,Available,True
2024,nit nagpur,NIT,12.28,16.8,12.5,4.300000000000001,11.44,12.14,6.8,10.51,Nagpur,Maharashtra,2,769000,0.0,True,215.26,4.6,Available,False
